-- Story 14.3 (Schedule 8 sample write) test fixtures. DEDICATED mills/pages so the mutating
-- PUT/DELETE sample cases never clobber the V11 read fixtures or the V12 page-write fixtures. Each
-- mill serves one destructive concern; cases read REVISION_COUNT at runtime to stay order-independent.
-- Never edit V1–V12. V13 is the next free migration number.

-- 590 / 2021 — Draft, page 8900 (no samples): the create-sample target + validation 400s.
INSERT INTO THE.MILL (MILL_ID, MILL_NAME, MILL_NUMBER, ENTRY_USERID) VALUES (590, 'Sch8 Sample Create Milling', 590, 'SEED');
INSERT INTO THE.ILCR_MILL_STATUS_XREF (ILCR_MILL_STATUS_XREF_ID, ILCR_MILL_STATUS_CODE, ENTRY_USERID) VALUES (590, 'ACT', 'SEED');
INSERT INTO THE.ILCR_MILL_REPORT_STATUS (REPORT_YEAR, ILCR_MILL_ID, ILCR_MILL_REPORT_STATUS_CODE, ENTRY_USERID) VALUES (2021, 590, 'D', 'SEED');
INSERT INTO THE.TREE_TO_TRUCK_REPORT (TREE_TO_TRUCK_REPORT_ID, REPORT_YEAR, ILCR_MILL_ID, ILCR_CATEGORY_ID, ILCR_SUPPORT_CENTRE_CODE, ILCR_FOREST_REGION_CODE, TSA_NUMBER, HARVEST_LICENSE_NUMBER, REVISION_COUNT, ENTRY_USERID)
  VALUES (8900, 2021, 590, '8', 'SC1', 'R1', 'TSA5', 'L590', 0, 'SEED');

-- 591 / 2021 — Draft, page 8910 + sample 8911 (rev 0): edit-in-place + stale-409.
INSERT INTO THE.MILL (MILL_ID, MILL_NAME, MILL_NUMBER, ENTRY_USERID) VALUES (591, 'Sch8 Sample Edit Milling', 591, 'SEED');
INSERT INTO THE.ILCR_MILL_STATUS_XREF (ILCR_MILL_STATUS_XREF_ID, ILCR_MILL_STATUS_CODE, ENTRY_USERID) VALUES (591, 'ACT', 'SEED');
INSERT INTO THE.ILCR_MILL_REPORT_STATUS (REPORT_YEAR, ILCR_MILL_ID, ILCR_MILL_REPORT_STATUS_CODE, ENTRY_USERID) VALUES (2021, 591, 'D', 'SEED');
INSERT INTO THE.TREE_TO_TRUCK_REPORT (TREE_TO_TRUCK_REPORT_ID, REPORT_YEAR, ILCR_MILL_ID, ILCR_CATEGORY_ID, ILCR_SUPPORT_CENTRE_CODE, ILCR_FOREST_REGION_CODE, TSA_NUMBER, HARVEST_LICENSE_NUMBER, REVISION_COUNT, ENTRY_USERID)
  VALUES (8910, 2021, 591, '8', 'SC1', 'R1', 'TSA5', 'L591', 0, 'SEED');
INSERT INTO THE.TREE_TO_TRUCK_DETAIL_REPORT (TREE_TO_TRUCK_DETAIL_REPORT_ID, TREE_TO_TRUCK_REPORT_ID, CONTRACTOR_ID, CUT_BLOCK, GROUND_BASE_PCT, CONIFEROUS_VOLUME, ORIGINAL_TREE_TO_TRUCK_RATE, REVISION_COUNT, ENTRY_USERID)
  VALUES (8911, 8910, 'CED', 'CBED', 50, 200, 15.00, 0, 'SEED');

-- 592 / 2021 — Draft, page 8920 + sample 8921 + rate 8922: delete cascade + idempotent re-delete.
INSERT INTO THE.MILL (MILL_ID, MILL_NAME, MILL_NUMBER, ENTRY_USERID) VALUES (592, 'Sch8 Sample Delete Milling', 592, 'SEED');
INSERT INTO THE.ILCR_MILL_STATUS_XREF (ILCR_MILL_STATUS_XREF_ID, ILCR_MILL_STATUS_CODE, ENTRY_USERID) VALUES (592, 'ACT', 'SEED');
INSERT INTO THE.ILCR_MILL_REPORT_STATUS (REPORT_YEAR, ILCR_MILL_ID, ILCR_MILL_REPORT_STATUS_CODE, ENTRY_USERID) VALUES (2021, 592, 'D', 'SEED');
INSERT INTO THE.TREE_TO_TRUCK_REPORT (TREE_TO_TRUCK_REPORT_ID, REPORT_YEAR, ILCR_MILL_ID, ILCR_CATEGORY_ID, ILCR_SUPPORT_CENTRE_CODE, ILCR_FOREST_REGION_CODE, TSA_NUMBER, HARVEST_LICENSE_NUMBER, REVISION_COUNT, ENTRY_USERID)
  VALUES (8920, 2021, 592, '8', 'SC1', 'R1', 'TSA5', 'L592', 0, 'SEED');
INSERT INTO THE.TREE_TO_TRUCK_DETAIL_REPORT (TREE_TO_TRUCK_DETAIL_REPORT_ID, TREE_TO_TRUCK_REPORT_ID, CONTRACTOR_ID, GROUND_BASE_PCT, CONIFEROUS_VOLUME, ORIGINAL_TREE_TO_TRUCK_RATE, REVISION_COUNT, ENTRY_USERID)
  VALUES (8921, 8920, 'CSD', 100, 300, 20.00, 0, 'SEED');
INSERT INTO THE.TREE_TO_TRUCK_RATE_DETAIL (TREE_TO_TRUCK_RATE_DETAIL_ID, TREE_TO_TRUCK_DETAIL_REPORT_ID, ILCR_RATE_COST_TYPE_CODE, ILCR_REPORT_COST_ITEM_ID, ITEM_DESCRIPTION, COSTING_RATE, REVISION_COUNT, ENTRY_USERID)
  VALUES (8922, 8921, 'CT1', 82, 'Add S', 4.00, 0, 'SEED');

-- 593 / 2021 — non-Draft (track 'S'), page 8930: the write-gate 409 (requireDraft before persist).
INSERT INTO THE.MILL (MILL_ID, MILL_NAME, MILL_NUMBER, ENTRY_USERID) VALUES (593, 'Sch8 Sample Submitted Milling', 593, 'SEED');
INSERT INTO THE.ILCR_MILL_STATUS_XREF (ILCR_MILL_STATUS_XREF_ID, ILCR_MILL_STATUS_CODE, ENTRY_USERID) VALUES (593, 'ACT', 'SEED');
INSERT INTO THE.ILCR_MILL_REPORT_STATUS (REPORT_YEAR, ILCR_MILL_ID, ILCR_MILL_REPORT_STATUS_CODE, ENTRY_USERID) VALUES (2021, 593, 'S', 'SEED');
INSERT INTO THE.TREE_TO_TRUCK_REPORT (TREE_TO_TRUCK_REPORT_ID, REPORT_YEAR, ILCR_MILL_ID, ILCR_CATEGORY_ID, ILCR_SUPPORT_CENTRE_CODE, ILCR_FOREST_REGION_CODE, TSA_NUMBER, HARVEST_LICENSE_NUMBER, REVISION_COUNT, ENTRY_USERID)
  VALUES (8930, 2021, 593, '8', 'SC1', 'R1', 'TSA5', 'L593', 0, 'SEED');

COMMIT;
