-- Story 14.4 (Schedule 8 rate-detail write) test fixtures. DEDICATED mills/pages/samples so the
-- mutating rate cases never clobber earlier fixtures. Each sample serves one destructive concern;
-- add/deduction is decided by the chosen cost item's subcategory (82='1' addition, 101='3' deduction,
-- seeded in V11). Never edit V1–V13. V14 is the next free migration number.

-- 594 / 2021 — Draft, page 8940 with two rate-less samples (both Original TtT Rate 20.00):
--   8941 = add-addition + validation 400s target, 8942 = add-deduction target.
INSERT INTO THE.MILL (MILL_ID, MILL_NAME, MILL_NUMBER, ENTRY_USERID) VALUES (594, 'Sch8 Rate Add Milling', 594, 'SEED');
INSERT INTO THE.ILCR_MILL_STATUS_XREF (ILCR_MILL_STATUS_XREF_ID, ILCR_MILL_STATUS_CODE, ENTRY_USERID) VALUES (594, 'ACT', 'SEED');
INSERT INTO THE.ILCR_MILL_REPORT_STATUS (REPORT_YEAR, ILCR_MILL_ID, ILCR_MILL_REPORT_STATUS_CODE, ENTRY_USERID) VALUES (2021, 594, 'D', 'SEED');
INSERT INTO THE.TREE_TO_TRUCK_REPORT (TREE_TO_TRUCK_REPORT_ID, REPORT_YEAR, ILCR_MILL_ID, ILCR_CATEGORY_ID, ILCR_SUPPORT_CENTRE_CODE, ILCR_FOREST_REGION_CODE, TSA_NUMBER, HARVEST_LICENSE_NUMBER, REVISION_COUNT, ENTRY_USERID)
  VALUES (8940, 2021, 594, '8', 'SC1', 'R1', 'TSA5', 'L594', 0, 'SEED');
INSERT INTO THE.TREE_TO_TRUCK_DETAIL_REPORT (TREE_TO_TRUCK_DETAIL_REPORT_ID, TREE_TO_TRUCK_REPORT_ID, CONTRACTOR_ID, GROUND_BASE_PCT, ORIGINAL_TREE_TO_TRUCK_RATE, REVISION_COUNT, ENTRY_USERID)
  VALUES (8941, 8940, 'CRA1', 100, 20.00, 0, 'SEED');
INSERT INTO THE.TREE_TO_TRUCK_DETAIL_REPORT (TREE_TO_TRUCK_DETAIL_REPORT_ID, TREE_TO_TRUCK_REPORT_ID, CONTRACTOR_ID, GROUND_BASE_PCT, ORIGINAL_TREE_TO_TRUCK_RATE, REVISION_COUNT, ENTRY_USERID)
  VALUES (8942, 8940, 'CRA2', 100, 20.00, 0, 'SEED');

-- 595 / 2021 — Draft, page 8950, sample 8951, existing rate row 8952 (addition item 82, 5.00, rev 0):
--   edit-in-place + stale-409 + delete + recompute.
INSERT INTO THE.MILL (MILL_ID, MILL_NAME, MILL_NUMBER, ENTRY_USERID) VALUES (595, 'Sch8 Rate Edit Milling', 595, 'SEED');
INSERT INTO THE.ILCR_MILL_STATUS_XREF (ILCR_MILL_STATUS_XREF_ID, ILCR_MILL_STATUS_CODE, ENTRY_USERID) VALUES (595, 'ACT', 'SEED');
INSERT INTO THE.ILCR_MILL_REPORT_STATUS (REPORT_YEAR, ILCR_MILL_ID, ILCR_MILL_REPORT_STATUS_CODE, ENTRY_USERID) VALUES (2021, 595, 'D', 'SEED');
INSERT INTO THE.TREE_TO_TRUCK_REPORT (TREE_TO_TRUCK_REPORT_ID, REPORT_YEAR, ILCR_MILL_ID, ILCR_CATEGORY_ID, ILCR_SUPPORT_CENTRE_CODE, ILCR_FOREST_REGION_CODE, TSA_NUMBER, HARVEST_LICENSE_NUMBER, REVISION_COUNT, ENTRY_USERID)
  VALUES (8950, 2021, 595, '8', 'SC1', 'R1', 'TSA5', 'L595', 0, 'SEED');
INSERT INTO THE.TREE_TO_TRUCK_DETAIL_REPORT (TREE_TO_TRUCK_DETAIL_REPORT_ID, TREE_TO_TRUCK_REPORT_ID, CONTRACTOR_ID, GROUND_BASE_PCT, ORIGINAL_TREE_TO_TRUCK_RATE, REVISION_COUNT, ENTRY_USERID)
  VALUES (8951, 8950, 'CRE1', 100, 30.00, 0, 'SEED');
INSERT INTO THE.TREE_TO_TRUCK_RATE_DETAIL (TREE_TO_TRUCK_RATE_DETAIL_ID, TREE_TO_TRUCK_DETAIL_REPORT_ID, ILCR_RATE_COST_TYPE_CODE, ILCR_REPORT_COST_ITEM_ID, ITEM_DESCRIPTION, COSTING_RATE, REVISION_COUNT, ENTRY_USERID)
  VALUES (8952, 8951, 'CT1', 82, 'Seed Add', 5.00, 0, 'SEED');
-- Sample 8953 + rate 8954 (deduction item 101, 2.00) under the same page — the DELETE-rate target
-- (kept separate from 8952 so edit/stale and delete stay order-independent).
INSERT INTO THE.TREE_TO_TRUCK_DETAIL_REPORT (TREE_TO_TRUCK_DETAIL_REPORT_ID, TREE_TO_TRUCK_REPORT_ID, CONTRACTOR_ID, GROUND_BASE_PCT, ORIGINAL_TREE_TO_TRUCK_RATE, REVISION_COUNT, ENTRY_USERID)
  VALUES (8953, 8950, 'CRE2', 100, 30.00, 0, 'SEED');
INSERT INTO THE.TREE_TO_TRUCK_RATE_DETAIL (TREE_TO_TRUCK_RATE_DETAIL_ID, TREE_TO_TRUCK_DETAIL_REPORT_ID, ILCR_RATE_COST_TYPE_CODE, ILCR_REPORT_COST_ITEM_ID, ITEM_DESCRIPTION, COSTING_RATE, REVISION_COUNT, ENTRY_USERID)
  VALUES (8954, 8953, 'CT2', 101, 'Seed Ded', 2.00, 0, 'SEED');

-- 596 / 2021 — non-Draft (track 'S'), page 8960, sample 8961: the write-gate 409.
INSERT INTO THE.MILL (MILL_ID, MILL_NAME, MILL_NUMBER, ENTRY_USERID) VALUES (596, 'Sch8 Rate Submitted Milling', 596, 'SEED');
INSERT INTO THE.ILCR_MILL_STATUS_XREF (ILCR_MILL_STATUS_XREF_ID, ILCR_MILL_STATUS_CODE, ENTRY_USERID) VALUES (596, 'ACT', 'SEED');
INSERT INTO THE.ILCR_MILL_REPORT_STATUS (REPORT_YEAR, ILCR_MILL_ID, ILCR_MILL_REPORT_STATUS_CODE, ENTRY_USERID) VALUES (2021, 596, 'S', 'SEED');
INSERT INTO THE.TREE_TO_TRUCK_REPORT (TREE_TO_TRUCK_REPORT_ID, REPORT_YEAR, ILCR_MILL_ID, ILCR_CATEGORY_ID, ILCR_SUPPORT_CENTRE_CODE, ILCR_FOREST_REGION_CODE, TSA_NUMBER, HARVEST_LICENSE_NUMBER, REVISION_COUNT, ENTRY_USERID)
  VALUES (8960, 2021, 596, '8', 'SC1', 'R1', 'TSA5', 'L596', 0, 'SEED');
INSERT INTO THE.TREE_TO_TRUCK_DETAIL_REPORT (TREE_TO_TRUCK_DETAIL_REPORT_ID, TREE_TO_TRUCK_REPORT_ID, CONTRACTOR_ID, GROUND_BASE_PCT, ORIGINAL_TREE_TO_TRUCK_RATE, REVISION_COUNT, ENTRY_USERID)
  VALUES (8961, 8960, 'CRS1', 100, 20.00, 0, 'SEED');

COMMIT;
