-- Story 14.6 (Schedule 8 Check Status) test fixtures. Check Status is READ-ONLY, so these mills are
-- shared safely; hardcoded ids stay BELOW 9000 (the TtT sequences START WITH 9000 and the write tests
-- consume them — a fixture id >= 9000 would collide with a generated id). V14 used up to 8961, so
-- 8970+ is free. Never edit V1–V14. V15 is the next free migration number.

-- 600 / 2021 — Draft, ALL-MET: page 8970 (contact/phone/supply-block present) + sample 8971
--   (cutblock, groundBase 100 => percentTotal 100, coniferous 500 => harvested > 0, originalRate set,
--   skyline 0 => no skyline supports required). checkStatus(600) => MET; also the mutates-nothing case.
INSERT INTO THE.MILL (MILL_ID, MILL_NAME, MILL_NUMBER, ENTRY_USERID) VALUES (600, 'Sch8 Check Met Milling', 600, 'SEED');
INSERT INTO THE.ILCR_MILL_STATUS_XREF (ILCR_MILL_STATUS_XREF_ID, ILCR_MILL_STATUS_CODE, ENTRY_USERID) VALUES (600, 'ACT', 'SEED');
INSERT INTO THE.ILCR_MILL_REPORT_STATUS (REPORT_YEAR, ILCR_MILL_ID, ILCR_MILL_REPORT_STATUS_CODE, ENTRY_USERID) VALUES (2021, 600, 'D', 'SEED');
INSERT INTO THE.TREE_TO_TRUCK_REPORT (TREE_TO_TRUCK_REPORT_ID, REPORT_YEAR, ILCR_MILL_ID, ILCR_CATEGORY_ID, ILCR_SUPPORT_CENTRE_CODE, ILCR_FOREST_REGION_CODE, TSA_NUMBER, TSB_NUMBER_CODE, HARVEST_LICENSE_NUMBER, CONTACT_NAME, CONTACT_PHONE_NUMBER, REVISION_COUNT, ENTRY_USERID)
  VALUES (8970, 2021, 600, '8', 'SC1', 'R1', 'TSA5', 'B', 'L600', 'Pat', '2505551212', 0, 'SEED');
INSERT INTO THE.TREE_TO_TRUCK_DETAIL_REPORT (TREE_TO_TRUCK_DETAIL_REPORT_ID, TREE_TO_TRUCK_REPORT_ID, CONTRACTOR_ID, CUT_BLOCK, GROUND_BASE_PCT, SKYLINE_PCT, CONIFEROUS_VOLUME, DECIDUOUS_VOLUME, ORIGINAL_TREE_TO_TRUCK_RATE, REVISION_COUNT, ENTRY_USERID)
  VALUES (8971, 8970, 'CMET', 'CBMET', 100, 0, 500, 0, 20.00, 0, 'SEED');

-- 601 / 2021 — Draft, ISSUES: page 8972 (Contact/Phone/Supply-Block all MISSING) with two samples:
--   8973 (cutblock/coniferous/deciduous/originalRate missing; skyline 50 => slope/support/avgdist
--   required + missing; percentTotal 50 != 100) and 8974 (zero harvested: coniferous 0 + deciduous 0,
--   otherwise valid => only the Actual-Harvested>0 flag).
INSERT INTO THE.MILL (MILL_ID, MILL_NAME, MILL_NUMBER, ENTRY_USERID) VALUES (601, 'Sch8 Check Issues Milling', 601, 'SEED');
INSERT INTO THE.ILCR_MILL_STATUS_XREF (ILCR_MILL_STATUS_XREF_ID, ILCR_MILL_STATUS_CODE, ENTRY_USERID) VALUES (601, 'ACT', 'SEED');
INSERT INTO THE.ILCR_MILL_REPORT_STATUS (REPORT_YEAR, ILCR_MILL_ID, ILCR_MILL_REPORT_STATUS_CODE, ENTRY_USERID) VALUES (2021, 601, 'D', 'SEED');
INSERT INTO THE.TREE_TO_TRUCK_REPORT (TREE_TO_TRUCK_REPORT_ID, REPORT_YEAR, ILCR_MILL_ID, ILCR_CATEGORY_ID, ILCR_SUPPORT_CENTRE_CODE, ILCR_FOREST_REGION_CODE, TSA_NUMBER, HARVEST_LICENSE_NUMBER, REVISION_COUNT, ENTRY_USERID)
  VALUES (8972, 2021, 601, '8', 'SC1', 'R1', 'TSA5', 'L601', 0, 'SEED');
INSERT INTO THE.TREE_TO_TRUCK_DETAIL_REPORT (TREE_TO_TRUCK_DETAIL_REPORT_ID, TREE_TO_TRUCK_REPORT_ID, CONTRACTOR_ID, GROUND_BASE_PCT, SKYLINE_PCT, REVISION_COUNT, ENTRY_USERID)
  VALUES (8973, 8972, 'CISS', 0, 50, 0, 'SEED');
INSERT INTO THE.TREE_TO_TRUCK_DETAIL_REPORT (TREE_TO_TRUCK_DETAIL_REPORT_ID, TREE_TO_TRUCK_REPORT_ID, CONTRACTOR_ID, CUT_BLOCK, GROUND_BASE_PCT, SKYLINE_PCT, CONIFEROUS_VOLUME, DECIDUOUS_VOLUME, ORIGINAL_TREE_TO_TRUCK_RATE, REVISION_COUNT, ENTRY_USERID)
  VALUES (8974, 8972, 'CZERO', 'CBZ', 100, 0, 0, 0, 20.00, 0, 'SEED');

-- 602 / 2021 — Draft, page 8975 with valid page fields but NO samples => S18 at-least-one-sample only.
INSERT INTO THE.MILL (MILL_ID, MILL_NAME, MILL_NUMBER, ENTRY_USERID) VALUES (602, 'Sch8 Check NoSamples Milling', 602, 'SEED');
INSERT INTO THE.ILCR_MILL_STATUS_XREF (ILCR_MILL_STATUS_XREF_ID, ILCR_MILL_STATUS_CODE, ENTRY_USERID) VALUES (602, 'ACT', 'SEED');
INSERT INTO THE.ILCR_MILL_REPORT_STATUS (REPORT_YEAR, ILCR_MILL_ID, ILCR_MILL_REPORT_STATUS_CODE, ENTRY_USERID) VALUES (2021, 602, 'D', 'SEED');
INSERT INTO THE.TREE_TO_TRUCK_REPORT (TREE_TO_TRUCK_REPORT_ID, REPORT_YEAR, ILCR_MILL_ID, ILCR_CATEGORY_ID, ILCR_SUPPORT_CENTRE_CODE, ILCR_FOREST_REGION_CODE, TSA_NUMBER, TSB_NUMBER_CODE, HARVEST_LICENSE_NUMBER, CONTACT_NAME, CONTACT_PHONE_NUMBER, REVISION_COUNT, ENTRY_USERID)
  VALUES (8975, 2021, 602, '8', 'SC1', 'R1', 'TSA5', 'B', 'L602', 'Pat', '2505551212', 0, 'SEED');

-- 603 / 2021 — Draft, single-vs-all scope: page 8976 (all-met + sample 8977) + page 8978 (no samples,
--   ISSUES). checkStatusPage(603, 8976) => MET; checkStatus(603) => ISSUES (8978 fails).
INSERT INTO THE.MILL (MILL_ID, MILL_NAME, MILL_NUMBER, ENTRY_USERID) VALUES (603, 'Sch8 Check Scope Milling', 603, 'SEED');
INSERT INTO THE.ILCR_MILL_STATUS_XREF (ILCR_MILL_STATUS_XREF_ID, ILCR_MILL_STATUS_CODE, ENTRY_USERID) VALUES (603, 'ACT', 'SEED');
INSERT INTO THE.ILCR_MILL_REPORT_STATUS (REPORT_YEAR, ILCR_MILL_ID, ILCR_MILL_REPORT_STATUS_CODE, ENTRY_USERID) VALUES (2021, 603, 'D', 'SEED');
INSERT INTO THE.TREE_TO_TRUCK_REPORT (TREE_TO_TRUCK_REPORT_ID, REPORT_YEAR, ILCR_MILL_ID, ILCR_CATEGORY_ID, ILCR_SUPPORT_CENTRE_CODE, ILCR_FOREST_REGION_CODE, TSA_NUMBER, TSB_NUMBER_CODE, HARVEST_LICENSE_NUMBER, CONTACT_NAME, CONTACT_PHONE_NUMBER, REVISION_COUNT, ENTRY_USERID)
  VALUES (8976, 2021, 603, '8', 'SC1', 'R1', 'TSA5', 'B', 'L603', 'Pat', '2505551212', 0, 'SEED');
INSERT INTO THE.TREE_TO_TRUCK_DETAIL_REPORT (TREE_TO_TRUCK_DETAIL_REPORT_ID, TREE_TO_TRUCK_REPORT_ID, CONTRACTOR_ID, CUT_BLOCK, GROUND_BASE_PCT, SKYLINE_PCT, CONIFEROUS_VOLUME, DECIDUOUS_VOLUME, ORIGINAL_TREE_TO_TRUCK_RATE, REVISION_COUNT, ENTRY_USERID)
  VALUES (8977, 8976, 'CSCOPE', 'CBS', 100, 0, 400, 0, 18.00, 0, 'SEED');
INSERT INTO THE.TREE_TO_TRUCK_REPORT (TREE_TO_TRUCK_REPORT_ID, REPORT_YEAR, ILCR_MILL_ID, ILCR_CATEGORY_ID, ILCR_SUPPORT_CENTRE_CODE, ILCR_FOREST_REGION_CODE, TSA_NUMBER, TSB_NUMBER_CODE, HARVEST_LICENSE_NUMBER, CONTACT_NAME, CONTACT_PHONE_NUMBER, REVISION_COUNT, ENTRY_USERID)
  VALUES (8978, 2021, 603, '8', 'SC1', 'R1', 'TSA5', 'B', 'L603', 'Pat', '2505551212', 0, 'SEED');

COMMIT;
