-- Seed for the UC-SCH1-001 slice acceptance tests. Guard-boundary fixtures the *IT scaffolds assume.
-- Mills: 514 valid (Draft) | 515 active-but-no-summary (404) | 516 closed (409) | 517 non-Draft (Story 2.1).

-- Status codes (Schedules 1-10 track): D/S/V/O
INSERT INTO THE.ILCR_MILL_REPORT_STATUS_CODE (ILCR_MILL_REPORT_STATUS_CODE, DESCRIPTION) VALUES ('D', 'Draft');
INSERT INTO THE.ILCR_MILL_REPORT_STATUS_CODE (ILCR_MILL_REPORT_STATUS_CODE, DESCRIPTION) VALUES ('S', 'Submitted');
INSERT INTO THE.ILCR_MILL_REPORT_STATUS_CODE (ILCR_MILL_REPORT_STATUS_CODE, DESCRIPTION) VALUES ('V', 'Verified');
INSERT INTO THE.ILCR_MILL_REPORT_STATUS_CODE (ILCR_MILL_REPORT_STATUS_CODE, DESCRIPTION) VALUES ('O', 'Opened');

-- Reporting year 2021
INSERT INTO THE.ILCR_REPORTING_PERIOD (REPORT_YEAR, REPORT_OFFICIAL_START_DATE, REPORT_OFFICIAL_END_DATE, ENTRY_USERID)
  VALUES (2021, DATE '2021-01-01', DATE '2021-12-31', 'SEED');

-- Fixed Schedule 1 cost items (BR-02, legacy Constant.REPORT_COST_ITEMS). Category 1; Other = subcat 2.
INSERT INTO THE.ILCR_REPORT_COST_ITEM (ILCR_REPORT_COST_ITEM_ID, ITEM_NAME, ILCR_CATEGORY_ID, ILCR_SUBCATEGORY_ID, ENTRY_USERID) VALUES (12,  'Standing Tree to Loaded Truck', '1', '1', 'SEED');
INSERT INTO THE.ILCR_REPORT_COST_ITEM (ILCR_REPORT_COST_ITEM_ID, ITEM_NAME, ILCR_CATEGORY_ID, ILCR_SUBCATEGORY_ID, ENTRY_USERID) VALUES (13,  'Log Transportation', '1', '1', 'SEED');
INSERT INTO THE.ILCR_REPORT_COST_ITEM (ILCR_REPORT_COST_ITEM_ID, ITEM_NAME, ILCR_CATEGORY_ID, ILCR_SUBCATEGORY_ID, ENTRY_USERID) VALUES (14,  'Road Management', '1', '1', 'SEED');
INSERT INTO THE.ILCR_REPORT_COST_ITEM (ILCR_REPORT_COST_ITEM_ID, ITEM_NAME, ILCR_CATEGORY_ID, ILCR_SUBCATEGORY_ID, ENTRY_USERID) VALUES (15,  'Road Construction Costs', '1', '1', 'SEED');
INSERT INTO THE.ILCR_REPORT_COST_ITEM (ILCR_REPORT_COST_ITEM_ID, ITEM_NAME, ILCR_CATEGORY_ID, ILCR_SUBCATEGORY_ID, ENTRY_USERID) VALUES (16,  'Post Logging Treatment', '1', '1', 'SEED');
INSERT INTO THE.ILCR_REPORT_COST_ITEM (ILCR_REPORT_COST_ITEM_ID, ITEM_NAME, ILCR_CATEGORY_ID, ILCR_SUBCATEGORY_ID, ENTRY_USERID) VALUES (17,  'Stumpage and Royalty', '1', '1', 'SEED');
INSERT INTO THE.ILCR_REPORT_COST_ITEM (ILCR_REPORT_COST_ITEM_ID, ITEM_NAME, ILCR_CATEGORY_ID, ILCR_SUBCATEGORY_ID, ENTRY_USERID) VALUES (18,  'Depletion and Amortization', '1', '1', 'SEED');
INSERT INTO THE.ILCR_REPORT_COST_ITEM (ILCR_REPORT_COST_ITEM_ID, ITEM_NAME, ILCR_CATEGORY_ID, ILCR_SUBCATEGORY_ID, ENTRY_USERID) VALUES (1,   'Silviculture Actual Cost', '1', '1', 'SEED');
INSERT INTO THE.ILCR_REPORT_COST_ITEM (ILCR_REPORT_COST_ITEM_ID, ITEM_NAME, ILCR_CATEGORY_ID, ILCR_SUBCATEGORY_ID, ENTRY_USERID) VALUES (2,   'Silviculture Accrued less Actual', '1', '1', 'SEED');
INSERT INTO THE.ILCR_REPORT_COST_ITEM (ILCR_REPORT_COST_ITEM_ID, ITEM_NAME, ILCR_CATEGORY_ID, ILCR_SUBCATEGORY_ID, ENTRY_USERID) VALUES (139, 'Silviculture Less Admin Cost', '1', '1', 'SEED');
INSERT INTO THE.ILCR_REPORT_COST_ITEM (ILCR_REPORT_COST_ITEM_ID, ITEM_NAME, ILCR_CATEGORY_ID, ILCR_SUBCATEGORY_ID, ENTRY_USERID) VALUES (140, 'Total Silviculture', '1', '1', 'SEED');
INSERT INTO THE.ILCR_REPORT_COST_ITEM (ILCR_REPORT_COST_ITEM_ID, ITEM_NAME, ILCR_CATEGORY_ID, ILCR_SUBCATEGORY_ID, ENTRY_USERID) VALUES (143, 'Forest Management Admin Cost', '1', '1', 'SEED');
INSERT INTO THE.ILCR_REPORT_COST_ITEM (ILCR_REPORT_COST_ITEM_ID, ITEM_NAME, ILCR_CATEGORY_ID, ILCR_SUBCATEGORY_ID, ENTRY_USERID) VALUES (144, 'Subtotal Company Logging', '1', '1', 'SEED');
INSERT INTO THE.ILCR_REPORT_COST_ITEM (ILCR_REPORT_COST_ITEM_ID, ITEM_NAME, ILCR_CATEGORY_ID, ILCR_SUBCATEGORY_ID, ENTRY_USERID) VALUES (19,  'Other', '1', '2', 'SEED');

-- Mill 514 - AAA Milling: ACT, Schedules 1-10 track = D (Draft), has a Schedule 1 summary (valid path).
INSERT INTO THE.MILL (MILL_ID, MILL_NAME, MILL_NUMBER, ENTRY_USERID) VALUES (514, 'AAA Milling', 514, 'SEED');
INSERT INTO THE.ILCR_MILL_STATUS_XREF (ILCR_MILL_STATUS_XREF_ID, ILCR_MILL_STATUS_CODE, ENTRY_USERID) VALUES (514, 'ACT', 'SEED');
INSERT INTO THE.ILCR_MILL_REPORT_STATUS (REPORT_YEAR, ILCR_MILL_ID, ILCR_MILL_REPORT_STATUS_CODE, ENTRY_USERID) VALUES (2021, 514, 'D', 'SEED');
INSERT INTO THE.ILCR_REPORT_SUMMARY (ILCR_REPORT_SUMMARY_ID, REPORT_YEAR, ILCR_MILL_ID, ILCR_CATEGORY_ID, ENTRY_USERID) VALUES (1001, 2021, 514, '1', 'SEED');
-- Schedule 3 Crown Timber volume for 514/2021 (BR-03/S02, needed by Story 2.3).
INSERT INTO THE.ILCR_REPORT_SUMMARY (ILCR_REPORT_SUMMARY_ID, REPORT_YEAR, ILCR_MILL_ID, ILCR_CATEGORY_ID, CROWN_VOLUME, ENTRY_USERID) VALUES (1003, 2021, 514, '3', 12345, 'SEED');

-- Mill 515: ACT, has a report-status row for 2021 but NO Schedule 1 summary -> 404 "Schedule not found." (S21).
INSERT INTO THE.MILL (MILL_ID, MILL_NAME, MILL_NUMBER, ENTRY_USERID) VALUES (515, 'BBB Milling', 515, 'SEED');
INSERT INTO THE.ILCR_MILL_STATUS_XREF (ILCR_MILL_STATUS_XREF_ID, ILCR_MILL_STATUS_CODE, ENTRY_USERID) VALUES (515, 'ACT', 'SEED');
INSERT INTO THE.ILCR_MILL_REPORT_STATUS (REPORT_YEAR, ILCR_MILL_ID, ILCR_MILL_REPORT_STATUS_CODE, ENTRY_USERID) VALUES (2021, 515, 'D', 'SEED');

-- Mill 516: CLS (closed) for 2021 -> 409 not-active (S20). Report-status row present so the join returns CLS.
INSERT INTO THE.MILL (MILL_ID, MILL_NAME, MILL_NUMBER, ENTRY_USERID) VALUES (516, 'Closed Milling', 516, 'SEED');
INSERT INTO THE.ILCR_MILL_STATUS_XREF (ILCR_MILL_STATUS_XREF_ID, ILCR_MILL_STATUS_CODE, ENTRY_USERID) VALUES (516, 'CLS', 'SEED');
INSERT INTO THE.ILCR_MILL_REPORT_STATUS (REPORT_YEAR, ILCR_MILL_ID, ILCR_MILL_REPORT_STATUS_CODE, ENTRY_USERID) VALUES (2021, 516, 'D', 'SEED');

-- Mill 517: ACT, Schedules 1-10 track = S (Submitted, non-Draft) with a Schedule 1 summary.
-- Non-Draft fixture for Story 2.1 (editable:false / 409-on-write). Present now so the shared seed already carries it.
INSERT INTO THE.MILL (MILL_ID, MILL_NAME, MILL_NUMBER, ENTRY_USERID) VALUES (517, 'Submitted Milling', 517, 'SEED');
INSERT INTO THE.ILCR_MILL_STATUS_XREF (ILCR_MILL_STATUS_XREF_ID, ILCR_MILL_STATUS_CODE, ENTRY_USERID) VALUES (517, 'ACT', 'SEED');
INSERT INTO THE.ILCR_MILL_REPORT_STATUS (REPORT_YEAR, ILCR_MILL_ID, ILCR_MILL_REPORT_STATUS_CODE, ENTRY_USERID) VALUES (2021, 517, 'S', 'SEED');
INSERT INTO THE.ILCR_REPORT_SUMMARY (ILCR_REPORT_SUMMARY_ID, REPORT_YEAR, ILCR_MILL_ID, ILCR_CATEGORY_ID, ENTRY_USERID) VALUES (1017, 2021, 517, '1', 'SEED');

COMMIT;
