-- Story 2.1 seed EXTENSION (never edit V1/V2/V3). Adds the sequences the write path needs and
-- DEDICATED write/delete/concurrency fixtures so mutating acceptance tests never clobber the
-- read-only 514/2021 fixture (the Testcontainers container + data are shared across the whole *IT run).

-- Sequence for detail-row INSERTs on the write path (present in the delivery DB; created here
-- test-scope only). The summary sequence is intentionally absent — the guarded PUT never creates a
-- summary (create-on-first-save is unreachable through validateScheduleViewable; see Story 2.1).
CREATE SEQUENCE THE.ILCR_COST_REPORT_DETAIL_SEQ START WITH 9000 INCREMENT BY 1;

-- Mill 518: ACT, Draft, has a Schedule 1 summary (REVISION_COUNT 0) + a code-12 detail row and the
-- shared item-19 volume row + two itemized item-19 rows (Row A/B) to prove PUT never touches them (AC2).
INSERT INTO THE.MILL (MILL_ID, MILL_NAME, MILL_NUMBER, ENTRY_USERID) VALUES (518, 'Write Milling', 518, 'SEED');
INSERT INTO THE.ILCR_MILL_STATUS_XREF (ILCR_MILL_STATUS_XREF_ID, ILCR_MILL_STATUS_CODE, ENTRY_USERID) VALUES (518, 'ACT', 'SEED');
INSERT INTO THE.ILCR_MILL_REPORT_STATUS (REPORT_YEAR, ILCR_MILL_ID, ILCR_MILL_REPORT_STATUS_CODE, ENTRY_USERID) VALUES (2021, 518, 'D', 'SEED');
INSERT INTO THE.ILCR_REPORT_SUMMARY (ILCR_REPORT_SUMMARY_ID, REPORT_YEAR, ILCR_MILL_ID, ILCR_CATEGORY_ID, REVISION_COUNT, ENTRY_USERID) VALUES (1018, 2021, 518, '1', 0, 'SEED');
INSERT INTO THE.ILCR_COST_REPORT_DETAIL (ILCR_COST_REPORT_DETAIL_ID, ILCR_REPORT_SUMMARY_ID, ILCR_REPORT_COST_ITEM_ID, VOLUME, COST, ITEM_DESCRIPTION, ENTRY_USERID) VALUES (5018, 1018, 12, 1000, 50000, NULL, 'SEED');
INSERT INTO THE.ILCR_COST_REPORT_DETAIL (ILCR_COST_REPORT_DETAIL_ID, ILCR_REPORT_SUMMARY_ID, ILCR_REPORT_COST_ITEM_ID, VOLUME, COST, ITEM_DESCRIPTION, ENTRY_USERID) VALUES (5019, 1018, 19, 8000, NULL, NULL, 'SEED');
INSERT INTO THE.ILCR_COST_REPORT_DETAIL (ILCR_COST_REPORT_DETAIL_ID, ILCR_REPORT_SUMMARY_ID, ILCR_REPORT_COST_ITEM_ID, VOLUME, COST, ITEM_DESCRIPTION, ENTRY_USERID) VALUES (5020, 1018, 19, NULL, 12000, 'Row A', 'SEED');
INSERT INTO THE.ILCR_COST_REPORT_DETAIL (ILCR_COST_REPORT_DETAIL_ID, ILCR_REPORT_SUMMARY_ID, ILCR_REPORT_COST_ITEM_ID, VOLUME, COST, ITEM_DESCRIPTION, ENTRY_USERID) VALUES (5021, 1018, 19, NULL, 12000, 'Row B', 'SEED');

-- Mill 519: ACT, Draft, Schedule 1 summary + details — dedicated DELETE fixture (S13).
INSERT INTO THE.MILL (MILL_ID, MILL_NAME, MILL_NUMBER, ENTRY_USERID) VALUES (519, 'Delete Milling', 519, 'SEED');
INSERT INTO THE.ILCR_MILL_STATUS_XREF (ILCR_MILL_STATUS_XREF_ID, ILCR_MILL_STATUS_CODE, ENTRY_USERID) VALUES (519, 'ACT', 'SEED');
INSERT INTO THE.ILCR_MILL_REPORT_STATUS (REPORT_YEAR, ILCR_MILL_ID, ILCR_MILL_REPORT_STATUS_CODE, ENTRY_USERID) VALUES (2021, 519, 'D', 'SEED');
INSERT INTO THE.ILCR_REPORT_SUMMARY (ILCR_REPORT_SUMMARY_ID, REPORT_YEAR, ILCR_MILL_ID, ILCR_CATEGORY_ID, REVISION_COUNT, ENTRY_USERID) VALUES (1019, 2021, 519, '1', 0, 'SEED');
INSERT INTO THE.ILCR_COST_REPORT_DETAIL (ILCR_COST_REPORT_DETAIL_ID, ILCR_REPORT_SUMMARY_ID, ILCR_REPORT_COST_ITEM_ID, VOLUME, COST, ITEM_DESCRIPTION, ENTRY_USERID) VALUES (5030, 1019, 12, 500, 25000, NULL, 'SEED');

-- Mill 520: ACT, Draft, Schedule 1 summary (REVISION_COUNT 0) — dedicated OPTIMISTIC-LOCK fixture (AC7).
INSERT INTO THE.MILL (MILL_ID, MILL_NAME, MILL_NUMBER, ENTRY_USERID) VALUES (520, 'Concurrency Milling', 520, 'SEED');
INSERT INTO THE.ILCR_MILL_STATUS_XREF (ILCR_MILL_STATUS_XREF_ID, ILCR_MILL_STATUS_CODE, ENTRY_USERID) VALUES (520, 'ACT', 'SEED');
INSERT INTO THE.ILCR_MILL_REPORT_STATUS (REPORT_YEAR, ILCR_MILL_ID, ILCR_MILL_REPORT_STATUS_CODE, ENTRY_USERID) VALUES (2021, 520, 'D', 'SEED');
INSERT INTO THE.ILCR_REPORT_SUMMARY (ILCR_REPORT_SUMMARY_ID, REPORT_YEAR, ILCR_MILL_ID, ILCR_CATEGORY_ID, REVISION_COUNT, ENTRY_USERID) VALUES (1020, 2021, 520, '1', 0, 'SEED');

-- Mill 521: ACT, Draft, Schedule 1 summary (REVISION_COUNT 0) — dedicated fixture for the security-on
-- authorization happy path (Schedule1WriteAuthorizationIT), so its PUT never collides with mill 518.
INSERT INTO THE.MILL (MILL_ID, MILL_NAME, MILL_NUMBER, ENTRY_USERID) VALUES (521, 'Authz Milling', 521, 'SEED');
INSERT INTO THE.ILCR_MILL_STATUS_XREF (ILCR_MILL_STATUS_XREF_ID, ILCR_MILL_STATUS_CODE, ENTRY_USERID) VALUES (521, 'ACT', 'SEED');
INSERT INTO THE.ILCR_MILL_REPORT_STATUS (REPORT_YEAR, ILCR_MILL_ID, ILCR_MILL_REPORT_STATUS_CODE, ENTRY_USERID) VALUES (2021, 521, 'D', 'SEED');
INSERT INTO THE.ILCR_REPORT_SUMMARY (ILCR_REPORT_SUMMARY_ID, REPORT_YEAR, ILCR_MILL_ID, ILCR_CATEGORY_ID, REVISION_COUNT, ENTRY_USERID) VALUES (1021, 2021, 521, '1', 0, 'SEED');

COMMIT;
