-- Story 2.4 seed EXTENSION (never edit V1-V5). Dedicated Subtotal Other Costs fixtures so the
-- mutating *IT tests (add/update/delete) never clobber each other on the shared Testcontainers DB.
-- Each mill is ACT + Draft with a category-1 summary, a shared-volume item-19 row (NULL description)
-- and, where needed, itemized item-19 rows (non-null description) with known detail ids.

-- Mill 523 - GET/list fixture: shared volume 5000, two itemized rows (one with a null cost).
INSERT INTO THE.MILL (MILL_ID, MILL_NAME, MILL_NUMBER, ENTRY_USERID) VALUES (523, 'OtherCosts Read Milling', 523, 'SEED');
INSERT INTO THE.ILCR_MILL_STATUS_XREF (ILCR_MILL_STATUS_XREF_ID, ILCR_MILL_STATUS_CODE, ENTRY_USERID) VALUES (523, 'ACT', 'SEED');
INSERT INTO THE.ILCR_MILL_REPORT_STATUS (REPORT_YEAR, ILCR_MILL_ID, ILCR_MILL_REPORT_STATUS_CODE, ENTRY_USERID) VALUES (2021, 523, 'D', 'SEED');
INSERT INTO THE.ILCR_REPORT_SUMMARY (ILCR_REPORT_SUMMARY_ID, REPORT_YEAR, ILCR_MILL_ID, ILCR_CATEGORY_ID, REVISION_COUNT, ENTRY_USERID) VALUES (1025, 2021, 523, '1', 0, 'SEED');
INSERT INTO THE.ILCR_COST_REPORT_DETAIL (ILCR_COST_REPORT_DETAIL_ID, ILCR_REPORT_SUMMARY_ID, ILCR_REPORT_COST_ITEM_ID, VOLUME, COST, ITEM_DESCRIPTION, ENTRY_USERID) VALUES (5050, 1025, 19, 5000, NULL, NULL, 'SEED');
INSERT INTO THE.ILCR_COST_REPORT_DETAIL (ILCR_COST_REPORT_DETAIL_ID, ILCR_REPORT_SUMMARY_ID, ILCR_REPORT_COST_ITEM_ID, VOLUME, COST, ITEM_DESCRIPTION, ENTRY_USERID) VALUES (5051, 1025, 19, 5000, 3000, 'Existing Row A', 'SEED');
INSERT INTO THE.ILCR_COST_REPORT_DETAIL (ILCR_COST_REPORT_DETAIL_ID, ILCR_REPORT_SUMMARY_ID, ILCR_REPORT_COST_ITEM_ID, VOLUME, COST, ITEM_DESCRIPTION, ENTRY_USERID) VALUES (5052, 1025, 19, 5000, NULL, 'Existing Row B', 'SEED');

-- Mill 524 - POST/add fixture: shared volume 6000, no itemized rows yet.
INSERT INTO THE.MILL (MILL_ID, MILL_NAME, MILL_NUMBER, ENTRY_USERID) VALUES (524, 'OtherCosts Add Milling', 524, 'SEED');
INSERT INTO THE.ILCR_MILL_STATUS_XREF (ILCR_MILL_STATUS_XREF_ID, ILCR_MILL_STATUS_CODE, ENTRY_USERID) VALUES (524, 'ACT', 'SEED');
INSERT INTO THE.ILCR_MILL_REPORT_STATUS (REPORT_YEAR, ILCR_MILL_ID, ILCR_MILL_REPORT_STATUS_CODE, ENTRY_USERID) VALUES (2021, 524, 'D', 'SEED');
INSERT INTO THE.ILCR_REPORT_SUMMARY (ILCR_REPORT_SUMMARY_ID, REPORT_YEAR, ILCR_MILL_ID, ILCR_CATEGORY_ID, REVISION_COUNT, ENTRY_USERID) VALUES (1026, 2021, 524, '1', 0, 'SEED');
INSERT INTO THE.ILCR_COST_REPORT_DETAIL (ILCR_COST_REPORT_DETAIL_ID, ILCR_REPORT_SUMMARY_ID, ILCR_REPORT_COST_ITEM_ID, VOLUME, COST, ITEM_DESCRIPTION, ENTRY_USERID) VALUES (5060, 1026, 19, 6000, NULL, NULL, 'SEED');

-- Mill 525 - PUT/update fixture: shared volume 7000, one itemized row (5071) to update.
INSERT INTO THE.MILL (MILL_ID, MILL_NAME, MILL_NUMBER, ENTRY_USERID) VALUES (525, 'OtherCosts Update Milling', 525, 'SEED');
INSERT INTO THE.ILCR_MILL_STATUS_XREF (ILCR_MILL_STATUS_XREF_ID, ILCR_MILL_STATUS_CODE, ENTRY_USERID) VALUES (525, 'ACT', 'SEED');
INSERT INTO THE.ILCR_MILL_REPORT_STATUS (REPORT_YEAR, ILCR_MILL_ID, ILCR_MILL_REPORT_STATUS_CODE, ENTRY_USERID) VALUES (2021, 525, 'D', 'SEED');
INSERT INTO THE.ILCR_REPORT_SUMMARY (ILCR_REPORT_SUMMARY_ID, REPORT_YEAR, ILCR_MILL_ID, ILCR_CATEGORY_ID, REVISION_COUNT, ENTRY_USERID) VALUES (1027, 2021, 525, '1', 0, 'SEED');
INSERT INTO THE.ILCR_COST_REPORT_DETAIL (ILCR_COST_REPORT_DETAIL_ID, ILCR_REPORT_SUMMARY_ID, ILCR_REPORT_COST_ITEM_ID, VOLUME, COST, ITEM_DESCRIPTION, ENTRY_USERID) VALUES (5070, 1027, 19, 7000, NULL, NULL, 'SEED');
INSERT INTO THE.ILCR_COST_REPORT_DETAIL (ILCR_COST_REPORT_DETAIL_ID, ILCR_REPORT_SUMMARY_ID, ILCR_REPORT_COST_ITEM_ID, VOLUME, COST, ITEM_DESCRIPTION, ENTRY_USERID) VALUES (5071, 1027, 19, 7000, 1000, 'Update Me', 'SEED');

-- Mill 526 - DELETE fixture: shared volume 8000, one itemized row (5081) to delete.
INSERT INTO THE.MILL (MILL_ID, MILL_NAME, MILL_NUMBER, ENTRY_USERID) VALUES (526, 'OtherCosts Delete Milling', 526, 'SEED');
INSERT INTO THE.ILCR_MILL_STATUS_XREF (ILCR_MILL_STATUS_XREF_ID, ILCR_MILL_STATUS_CODE, ENTRY_USERID) VALUES (526, 'ACT', 'SEED');
INSERT INTO THE.ILCR_MILL_REPORT_STATUS (REPORT_YEAR, ILCR_MILL_ID, ILCR_MILL_REPORT_STATUS_CODE, ENTRY_USERID) VALUES (2021, 526, 'D', 'SEED');
INSERT INTO THE.ILCR_REPORT_SUMMARY (ILCR_REPORT_SUMMARY_ID, REPORT_YEAR, ILCR_MILL_ID, ILCR_CATEGORY_ID, REVISION_COUNT, ENTRY_USERID) VALUES (1028, 2021, 526, '1', 0, 'SEED');
INSERT INTO THE.ILCR_COST_REPORT_DETAIL (ILCR_COST_REPORT_DETAIL_ID, ILCR_REPORT_SUMMARY_ID, ILCR_REPORT_COST_ITEM_ID, VOLUME, COST, ITEM_DESCRIPTION, ENTRY_USERID) VALUES (5080, 1028, 19, 8000, NULL, NULL, 'SEED');
INSERT INTO THE.ILCR_COST_REPORT_DETAIL (ILCR_COST_REPORT_DETAIL_ID, ILCR_REPORT_SUMMARY_ID, ILCR_REPORT_COST_ITEM_ID, VOLUME, COST, ITEM_DESCRIPTION, ENTRY_USERID) VALUES (5081, 1028, 19, 8000, 2000, 'Delete Me', 'SEED');

-- Mill 527 - dedicated authz positive-probe fixture (security-on IT persists here so it never
-- pollutes the add fixture 524 that the main IT asserts absolute counts against).
INSERT INTO THE.MILL (MILL_ID, MILL_NAME, MILL_NUMBER, ENTRY_USERID) VALUES (527, 'OtherCosts Authz Milling', 527, 'SEED');
INSERT INTO THE.ILCR_MILL_STATUS_XREF (ILCR_MILL_STATUS_XREF_ID, ILCR_MILL_STATUS_CODE, ENTRY_USERID) VALUES (527, 'ACT', 'SEED');
INSERT INTO THE.ILCR_MILL_REPORT_STATUS (REPORT_YEAR, ILCR_MILL_ID, ILCR_MILL_REPORT_STATUS_CODE, ENTRY_USERID) VALUES (2021, 527, 'D', 'SEED');
INSERT INTO THE.ILCR_REPORT_SUMMARY (ILCR_REPORT_SUMMARY_ID, REPORT_YEAR, ILCR_MILL_ID, ILCR_CATEGORY_ID, REVISION_COUNT, ENTRY_USERID) VALUES (1029, 2021, 527, '1', 0, 'SEED');
INSERT INTO THE.ILCR_COST_REPORT_DETAIL (ILCR_COST_REPORT_DETAIL_ID, ILCR_REPORT_SUMMARY_ID, ILCR_REPORT_COST_ITEM_ID, VOLUME, COST, ITEM_DESCRIPTION, ENTRY_USERID) VALUES (5090, 1029, 19, 9000, NULL, NULL, 'SEED');

COMMIT;
