-- Story 2.6 seed EXTENSION (never edit V1-V6). Check Status (BR-07) fixtures.
-- Mill 528: every mandatory field present + consistent Other Costs -> requirements met (S14).
-- Mill 529: a Subtotal Other Costs row with a description but a null cost -> WRN-002 warning (S18).
-- The missing-field path (S15) reuses 514 (only code 12 + silv 1 populated).

-- Mill 528 - fully populated (all 13 mandatory fields present; 143/144/139/140 volume-only).
INSERT INTO THE.MILL (MILL_ID, MILL_NAME, MILL_NUMBER, ENTRY_USERID) VALUES (528, 'CheckStatus OK Milling', 528, 'SEED');
INSERT INTO THE.ILCR_MILL_STATUS_XREF (ILCR_MILL_STATUS_XREF_ID, ILCR_MILL_STATUS_CODE, ENTRY_USERID) VALUES (528, 'ACT', 'SEED');
INSERT INTO THE.ILCR_MILL_REPORT_STATUS (REPORT_YEAR, ILCR_MILL_ID, ILCR_MILL_REPORT_STATUS_CODE, ENTRY_USERID) VALUES (2021, 528, 'D', 'SEED');
INSERT INTO THE.ILCR_REPORT_SUMMARY (ILCR_REPORT_SUMMARY_ID, REPORT_YEAR, ILCR_MILL_ID, ILCR_CATEGORY_ID, REVISION_COUNT, ENTRY_USERID) VALUES (1030, 2021, 528, '1', 0, 'SEED');
-- 12-18: volume + cost
INSERT INTO THE.ILCR_COST_REPORT_DETAIL (ILCR_COST_REPORT_DETAIL_ID, ILCR_REPORT_SUMMARY_ID, ILCR_REPORT_COST_ITEM_ID, VOLUME, COST, ITEM_DESCRIPTION, ENTRY_USERID) VALUES (5100, 1030, 12, 100, 500, NULL, 'SEED');
INSERT INTO THE.ILCR_COST_REPORT_DETAIL (ILCR_COST_REPORT_DETAIL_ID, ILCR_REPORT_SUMMARY_ID, ILCR_REPORT_COST_ITEM_ID, VOLUME, COST, ITEM_DESCRIPTION, ENTRY_USERID) VALUES (5101, 1030, 13, 100, 500, NULL, 'SEED');
INSERT INTO THE.ILCR_COST_REPORT_DETAIL (ILCR_COST_REPORT_DETAIL_ID, ILCR_REPORT_SUMMARY_ID, ILCR_REPORT_COST_ITEM_ID, VOLUME, COST, ITEM_DESCRIPTION, ENTRY_USERID) VALUES (5102, 1030, 14, 100, 500, NULL, 'SEED');
INSERT INTO THE.ILCR_COST_REPORT_DETAIL (ILCR_COST_REPORT_DETAIL_ID, ILCR_REPORT_SUMMARY_ID, ILCR_REPORT_COST_ITEM_ID, VOLUME, COST, ITEM_DESCRIPTION, ENTRY_USERID) VALUES (5103, 1030, 15, 100, 500, NULL, 'SEED');
INSERT INTO THE.ILCR_COST_REPORT_DETAIL (ILCR_COST_REPORT_DETAIL_ID, ILCR_REPORT_SUMMARY_ID, ILCR_REPORT_COST_ITEM_ID, VOLUME, COST, ITEM_DESCRIPTION, ENTRY_USERID) VALUES (5104, 1030, 16, 100, 500, NULL, 'SEED');
INSERT INTO THE.ILCR_COST_REPORT_DETAIL (ILCR_COST_REPORT_DETAIL_ID, ILCR_REPORT_SUMMARY_ID, ILCR_REPORT_COST_ITEM_ID, VOLUME, COST, ITEM_DESCRIPTION, ENTRY_USERID) VALUES (5105, 1030, 17, 100, 500, NULL, 'SEED');
INSERT INTO THE.ILCR_COST_REPORT_DETAIL (ILCR_COST_REPORT_DETAIL_ID, ILCR_REPORT_SUMMARY_ID, ILCR_REPORT_COST_ITEM_ID, VOLUME, COST, ITEM_DESCRIPTION, ENTRY_USERID) VALUES (5106, 1030, 18, 100, 500, NULL, 'SEED');
-- silviculture 1 & 2: volume + cost
INSERT INTO THE.ILCR_COST_REPORT_DETAIL (ILCR_COST_REPORT_DETAIL_ID, ILCR_REPORT_SUMMARY_ID, ILCR_REPORT_COST_ITEM_ID, VOLUME, COST, ITEM_DESCRIPTION, ENTRY_USERID) VALUES (5107, 1030, 1, 100, 500, NULL, 'SEED');
INSERT INTO THE.ILCR_COST_REPORT_DETAIL (ILCR_COST_REPORT_DETAIL_ID, ILCR_REPORT_SUMMARY_ID, ILCR_REPORT_COST_ITEM_ID, VOLUME, COST, ITEM_DESCRIPTION, ENTRY_USERID) VALUES (5108, 1030, 2, 100, 500, NULL, 'SEED');
-- 143/144/139/140: volume only (cost null; pulled/derived)
INSERT INTO THE.ILCR_COST_REPORT_DETAIL (ILCR_COST_REPORT_DETAIL_ID, ILCR_REPORT_SUMMARY_ID, ILCR_REPORT_COST_ITEM_ID, VOLUME, COST, ITEM_DESCRIPTION, ENTRY_USERID) VALUES (5109, 1030, 143, 100, NULL, NULL, 'SEED');
INSERT INTO THE.ILCR_COST_REPORT_DETAIL (ILCR_COST_REPORT_DETAIL_ID, ILCR_REPORT_SUMMARY_ID, ILCR_REPORT_COST_ITEM_ID, VOLUME, COST, ITEM_DESCRIPTION, ENTRY_USERID) VALUES (5110, 1030, 144, 100, NULL, NULL, 'SEED');
INSERT INTO THE.ILCR_COST_REPORT_DETAIL (ILCR_COST_REPORT_DETAIL_ID, ILCR_REPORT_SUMMARY_ID, ILCR_REPORT_COST_ITEM_ID, VOLUME, COST, ITEM_DESCRIPTION, ENTRY_USERID) VALUES (5111, 1030, 139, 100, NULL, NULL, 'SEED');
INSERT INTO THE.ILCR_COST_REPORT_DETAIL (ILCR_COST_REPORT_DETAIL_ID, ILCR_REPORT_SUMMARY_ID, ILCR_REPORT_COST_ITEM_ID, VOLUME, COST, ITEM_DESCRIPTION, ENTRY_USERID) VALUES (5112, 1030, 140, 100, NULL, NULL, 'SEED');
-- Subtotal Other Costs shared volume 0, no itemized rows -> consistent (no error).
INSERT INTO THE.ILCR_COST_REPORT_DETAIL (ILCR_COST_REPORT_DETAIL_ID, ILCR_REPORT_SUMMARY_ID, ILCR_REPORT_COST_ITEM_ID, VOLUME, COST, ITEM_DESCRIPTION, ENTRY_USERID) VALUES (5113, 1030, 19, 0, NULL, NULL, 'SEED');

-- Mill 529 - WRN-002 fixture: shared Other-Costs volume 100 + two itemized rows, one with a null cost.
INSERT INTO THE.MILL (MILL_ID, MILL_NAME, MILL_NUMBER, ENTRY_USERID) VALUES (529, 'CheckStatus Warn Milling', 529, 'SEED');
INSERT INTO THE.ILCR_MILL_STATUS_XREF (ILCR_MILL_STATUS_XREF_ID, ILCR_MILL_STATUS_CODE, ENTRY_USERID) VALUES (529, 'ACT', 'SEED');
INSERT INTO THE.ILCR_MILL_REPORT_STATUS (REPORT_YEAR, ILCR_MILL_ID, ILCR_MILL_REPORT_STATUS_CODE, ENTRY_USERID) VALUES (2021, 529, 'D', 'SEED');
INSERT INTO THE.ILCR_REPORT_SUMMARY (ILCR_REPORT_SUMMARY_ID, REPORT_YEAR, ILCR_MILL_ID, ILCR_CATEGORY_ID, REVISION_COUNT, ENTRY_USERID) VALUES (1031, 2021, 529, '1', 0, 'SEED');
INSERT INTO THE.ILCR_COST_REPORT_DETAIL (ILCR_COST_REPORT_DETAIL_ID, ILCR_REPORT_SUMMARY_ID, ILCR_REPORT_COST_ITEM_ID, VOLUME, COST, ITEM_DESCRIPTION, ENTRY_USERID) VALUES (5120, 1031, 19, 100, NULL, NULL, 'SEED');
INSERT INTO THE.ILCR_COST_REPORT_DETAIL (ILCR_COST_REPORT_DETAIL_ID, ILCR_REPORT_SUMMARY_ID, ILCR_REPORT_COST_ITEM_ID, VOLUME, COST, ITEM_DESCRIPTION, ENTRY_USERID) VALUES (5121, 1031, 19, 100, 3000, 'Priced row', 'SEED');
INSERT INTO THE.ILCR_COST_REPORT_DETAIL (ILCR_COST_REPORT_DETAIL_ID, ILCR_REPORT_SUMMARY_ID, ILCR_REPORT_COST_ITEM_ID, VOLUME, COST, ITEM_DESCRIPTION, ENTRY_USERID) VALUES (5122, 1031, 19, 100, NULL, 'No cost row', 'SEED');

-- Mill 530 - FLD-008: shared Other-Costs volume > 0 but no itemized cost (subtotal 0).
INSERT INTO THE.MILL (MILL_ID, MILL_NAME, MILL_NUMBER, ENTRY_USERID) VALUES (530, 'CheckStatus Fld008 Milling', 530, 'SEED');
INSERT INTO THE.ILCR_MILL_STATUS_XREF (ILCR_MILL_STATUS_XREF_ID, ILCR_MILL_STATUS_CODE, ENTRY_USERID) VALUES (530, 'ACT', 'SEED');
INSERT INTO THE.ILCR_MILL_REPORT_STATUS (REPORT_YEAR, ILCR_MILL_ID, ILCR_MILL_REPORT_STATUS_CODE, ENTRY_USERID) VALUES (2021, 530, 'D', 'SEED');
INSERT INTO THE.ILCR_REPORT_SUMMARY (ILCR_REPORT_SUMMARY_ID, REPORT_YEAR, ILCR_MILL_ID, ILCR_CATEGORY_ID, REVISION_COUNT, ENTRY_USERID) VALUES (1032, 2021, 530, '1', 0, 'SEED');
INSERT INTO THE.ILCR_COST_REPORT_DETAIL (ILCR_COST_REPORT_DETAIL_ID, ILCR_REPORT_SUMMARY_ID, ILCR_REPORT_COST_ITEM_ID, VOLUME, COST, ITEM_DESCRIPTION, ENTRY_USERID) VALUES (5130, 1032, 19, 100, NULL, NULL, 'SEED');

-- Mill 531 - FLD-009: shared Other-Costs volume 0 but an itemized cost > 0 (subtotal > 0).
INSERT INTO THE.MILL (MILL_ID, MILL_NAME, MILL_NUMBER, ENTRY_USERID) VALUES (531, 'CheckStatus Fld009 Milling', 531, 'SEED');
INSERT INTO THE.ILCR_MILL_STATUS_XREF (ILCR_MILL_STATUS_XREF_ID, ILCR_MILL_STATUS_CODE, ENTRY_USERID) VALUES (531, 'ACT', 'SEED');
INSERT INTO THE.ILCR_MILL_REPORT_STATUS (REPORT_YEAR, ILCR_MILL_ID, ILCR_MILL_REPORT_STATUS_CODE, ENTRY_USERID) VALUES (2021, 531, 'D', 'SEED');
INSERT INTO THE.ILCR_REPORT_SUMMARY (ILCR_REPORT_SUMMARY_ID, REPORT_YEAR, ILCR_MILL_ID, ILCR_CATEGORY_ID, REVISION_COUNT, ENTRY_USERID) VALUES (1033, 2021, 531, '1', 0, 'SEED');
INSERT INTO THE.ILCR_COST_REPORT_DETAIL (ILCR_COST_REPORT_DETAIL_ID, ILCR_REPORT_SUMMARY_ID, ILCR_REPORT_COST_ITEM_ID, VOLUME, COST, ITEM_DESCRIPTION, ENTRY_USERID) VALUES (5131, 1033, 19, 0, NULL, NULL, 'SEED');
INSERT INTO THE.ILCR_COST_REPORT_DETAIL (ILCR_COST_REPORT_DETAIL_ID, ILCR_REPORT_SUMMARY_ID, ILCR_REPORT_COST_ITEM_ID, VOLUME, COST, ITEM_DESCRIPTION, ENTRY_USERID) VALUES (5132, 1033, 19, 0, 5000, 'Priced', 'SEED');

-- Mill 532 - FLD-010: category-1 summary with NO detail rows (no shared Other-Costs volume row).
INSERT INTO THE.MILL (MILL_ID, MILL_NAME, MILL_NUMBER, ENTRY_USERID) VALUES (532, 'CheckStatus Fld010 Milling', 532, 'SEED');
INSERT INTO THE.ILCR_MILL_STATUS_XREF (ILCR_MILL_STATUS_XREF_ID, ILCR_MILL_STATUS_CODE, ENTRY_USERID) VALUES (532, 'ACT', 'SEED');
INSERT INTO THE.ILCR_MILL_REPORT_STATUS (REPORT_YEAR, ILCR_MILL_ID, ILCR_MILL_REPORT_STATUS_CODE, ENTRY_USERID) VALUES (2021, 532, 'D', 'SEED');
INSERT INTO THE.ILCR_REPORT_SUMMARY (ILCR_REPORT_SUMMARY_ID, REPORT_YEAR, ILCR_MILL_ID, ILCR_CATEGORY_ID, REVISION_COUNT, ENTRY_USERID) VALUES (1034, 2021, 532, '1', 0, 'SEED');

COMMIT;
