-- Story 4.3 (Schedule 4 sub-page lists) seed EXTENSION (never edit V1-V8). Dedicated read / add /
-- delete / non-Draft fixtures so the sub-page acceptance tests never clobber the Sch4 read (514) or
-- location-write (540-545) fixtures. V9 is the next free migration number.
--
-- A sub-page row is a SEPARATE TRANSPORTATION_REPORT (shared LOCATION_DESCRIPTION, category '4') with
-- its own DISTANCE (+ TRANSPORTATION_CYCLE_TIME for Truck Rehaul) and a single ILCR_COST_REPORT_DETAIL
-- (item 43 Towing / 46 Truck Rehaul / 55 Other, with ITEM_DESCRIPTION). Cost items 43/46/55 exist:
-- 43 in V7; add 46 and 55 here (extend, never fork).
INSERT INTO THE.ILCR_REPORT_COST_ITEM (ILCR_REPORT_COST_ITEM_ID, ITEM_NAME, ILCR_CATEGORY_ID, ILCR_SUBCATEGORY_ID, ENTRY_USERID) VALUES (46, 'Truck Rehaul-Dewater/Transfer', '4', '3', 'SEED');
INSERT INTO THE.ILCR_REPORT_COST_ITEM (ILCR_REPORT_COST_ITEM_ID, ITEM_NAME, ILCR_CATEGORY_ID, ILCR_SUBCATEGORY_ID, ENTRY_USERID) VALUES (55, 'Other Transportation', '4', '3', 'SEED');

-- ================================================================================================
-- Mill 550 / 2021 — ACT, Draft. Location "Rowed Dump": primary 8050 (fixed 40) + one existing row of
-- each sub-page type (Towing 8051, Truck Rehaul 8052 w/ cycle, Other 8053). Read + add + delete target.
-- ================================================================================================
INSERT INTO THE.MILL (MILL_ID, MILL_NAME, MILL_NUMBER, ENTRY_USERID) VALUES (550, 'Sch4 SubPage Milling', 550, 'SEED');
INSERT INTO THE.ILCR_MILL_STATUS_XREF (ILCR_MILL_STATUS_XREF_ID, ILCR_MILL_STATUS_CODE, ENTRY_USERID) VALUES (550, 'ACT', 'SEED');
INSERT INTO THE.ILCR_MILL_REPORT_STATUS (REPORT_YEAR, ILCR_MILL_ID, ILCR_MILL_REPORT_STATUS_CODE, ENTRY_USERID) VALUES (2021, 550, 'D', 'SEED');
-- Primary (fixed 40).
INSERT INTO THE.TRANSPORTATION_REPORT (TRANSPORTATION_REPORT_ID, REPORT_YEAR, ILCR_MILL_ID, ILCR_CATEGORY_ID, LOCATION_DESCRIPTION, DISTANCE, TRANSPORTATION_CYCLE_TIME, REVISION_COUNT, ENTRY_USERID)
  VALUES (8050, 2021, 550, '4', 'Rowed Dump', NULL, NULL, 0, 'SEED');
INSERT INTO THE.ILCR_COST_REPORT_DETAIL (ILCR_COST_REPORT_DETAIL_ID, TRANSPORTATION_REPORT_ID, ILCR_REPORT_COST_ITEM_ID, VOLUME, COST, ITEM_DESCRIPTION, ENTRY_USERID) VALUES (8150, 8050, 40, 500, 20000, NULL, 'SEED');
-- Towing row (43): distance 30.0, vol 100 / cost 3000.
INSERT INTO THE.TRANSPORTATION_REPORT (TRANSPORTATION_REPORT_ID, REPORT_YEAR, ILCR_MILL_ID, ILCR_CATEGORY_ID, LOCATION_DESCRIPTION, DISTANCE, TRANSPORTATION_CYCLE_TIME, REVISION_COUNT, ENTRY_USERID)
  VALUES (8051, 2021, 550, '4', 'Rowed Dump', 30.0, NULL, 0, 'SEED');
INSERT INTO THE.ILCR_COST_REPORT_DETAIL (ILCR_COST_REPORT_DETAIL_ID, TRANSPORTATION_REPORT_ID, ILCR_REPORT_COST_ITEM_ID, VOLUME, COST, ITEM_DESCRIPTION, ENTRY_USERID) VALUES (8151, 8051, 43, 100, 3000, 'Existing Towing', 'SEED');
-- Truck Rehaul row (46): distance 40.0, CYCLE 7, vol 200 / cost 6000.
INSERT INTO THE.TRANSPORTATION_REPORT (TRANSPORTATION_REPORT_ID, REPORT_YEAR, ILCR_MILL_ID, ILCR_CATEGORY_ID, LOCATION_DESCRIPTION, DISTANCE, TRANSPORTATION_CYCLE_TIME, REVISION_COUNT, ENTRY_USERID)
  VALUES (8052, 2021, 550, '4', 'Rowed Dump', 40.0, 7, 0, 'SEED');
INSERT INTO THE.ILCR_COST_REPORT_DETAIL (ILCR_COST_REPORT_DETAIL_ID, TRANSPORTATION_REPORT_ID, ILCR_REPORT_COST_ITEM_ID, VOLUME, COST, ITEM_DESCRIPTION, ENTRY_USERID) VALUES (8152, 8052, 46, 200, 6000, 'Existing Rehaul', 'SEED');
-- Other row (55): distance 20.0, vol 50 / cost 1000.
INSERT INTO THE.TRANSPORTATION_REPORT (TRANSPORTATION_REPORT_ID, REPORT_YEAR, ILCR_MILL_ID, ILCR_CATEGORY_ID, LOCATION_DESCRIPTION, DISTANCE, TRANSPORTATION_CYCLE_TIME, REVISION_COUNT, ENTRY_USERID)
  VALUES (8053, 2021, 550, '4', 'Rowed Dump', 20.0, NULL, 0, 'SEED');
INSERT INTO THE.ILCR_COST_REPORT_DETAIL (ILCR_COST_REPORT_DETAIL_ID, TRANSPORTATION_REPORT_ID, ILCR_REPORT_COST_ITEM_ID, VOLUME, COST, ITEM_DESCRIPTION, ENTRY_USERID) VALUES (8153, 8053, 55, 50, 1000, 'Existing Other', 'SEED');

-- ================================================================================================
-- Mill 551 / 2021 — ACT, non-Draft (track "S"). Location "Locked Rows" (primary 8060) + a Towing row
-- (8061). The sub-page write gate: POST/DELETE row -> 409, no change.
-- ================================================================================================
INSERT INTO THE.MILL (MILL_ID, MILL_NAME, MILL_NUMBER, ENTRY_USERID) VALUES (551, 'Sch4 SubPage Submitted Milling', 551, 'SEED');
INSERT INTO THE.ILCR_MILL_STATUS_XREF (ILCR_MILL_STATUS_XREF_ID, ILCR_MILL_STATUS_CODE, ENTRY_USERID) VALUES (551, 'ACT', 'SEED');
INSERT INTO THE.ILCR_MILL_REPORT_STATUS (REPORT_YEAR, ILCR_MILL_ID, ILCR_MILL_REPORT_STATUS_CODE, ENTRY_USERID) VALUES (2021, 551, 'S', 'SEED');
INSERT INTO THE.TRANSPORTATION_REPORT (TRANSPORTATION_REPORT_ID, REPORT_YEAR, ILCR_MILL_ID, ILCR_CATEGORY_ID, LOCATION_DESCRIPTION, DISTANCE, TRANSPORTATION_CYCLE_TIME, REVISION_COUNT, ENTRY_USERID)
  VALUES (8060, 2021, 551, '4', 'Locked Rows', NULL, NULL, 0, 'SEED');
INSERT INTO THE.ILCR_COST_REPORT_DETAIL (ILCR_COST_REPORT_DETAIL_ID, TRANSPORTATION_REPORT_ID, ILCR_REPORT_COST_ITEM_ID, VOLUME, COST, ITEM_DESCRIPTION, ENTRY_USERID) VALUES (8160, 8060, 42, 300, 9000, NULL, 'SEED');
INSERT INTO THE.TRANSPORTATION_REPORT (TRANSPORTATION_REPORT_ID, REPORT_YEAR, ILCR_MILL_ID, ILCR_CATEGORY_ID, LOCATION_DESCRIPTION, DISTANCE, TRANSPORTATION_CYCLE_TIME, REVISION_COUNT, ENTRY_USERID)
  VALUES (8061, 2021, 551, '4', 'Locked Rows', 10.0, NULL, 0, 'SEED');
INSERT INTO THE.ILCR_COST_REPORT_DETAIL (ILCR_COST_REPORT_DETAIL_ID, TRANSPORTATION_REPORT_ID, ILCR_REPORT_COST_ITEM_ID, VOLUME, COST, ITEM_DESCRIPTION, ENTRY_USERID) VALUES (8161, 8061, 43, 40, 800, 'Locked Towing', 'SEED');

COMMIT;
